Name,Mean,MeanLB,MeanUB,Stddev,StddevLB,StddevUB
"500/test_pop_push/list",1.1440526426906017e-2,1.1202629984492684e-2,1.177769082891407e-2,1.4385167703562269e-3,1.1198085533130585e-3,1.8838945119805308e-3
"500/test_pop_push/strict",2.0484380473812788e-4,2.0067470979105126e-4,2.1034216017291473e-4,2.433596824854041e-5,1.928194073904754e-5,2.9157059412637142e-5
"500/test_pop_push/lazy",2.3048411843809742e-4,2.2551641189403877e-4,2.3720718177079137e-4,2.9409308132256028e-5,2.3068252018104803e-5,3.553576908203131e-5
"500/test_pop_push/realtime",3.385454297370748e-4,3.307373575106868e-4,3.4899477110234407e-4,4.5507243449956175e-5,3.6504938056829115e-5,5.455201759335854e-5
"500/test_pop/list",1.1241096364918038e-4,1.1119264470997142e-4,1.1470693456592844e-4,8.231031846190274e-6,4.486666063602101e-6,1.2323460236382529e-5
"500/test_pop/strict",1.3693719317487988e-4,1.3428831036137387e-4,1.4050862489028976e-4,1.5714268694567422e-5,1.2431540609682615e-5,1.896014694540732e-5
"500/test_pop/lazy",1.5650783278170214e-4,1.5315666832887864e-4,1.6097126405762333e-4,1.97090373543984e-5,1.586062293880805e-5,2.3338323421345314e-5
"500/test_pop/realtime",2.176136220507688e-4,2.1299056248203472e-4,2.2382693354211025e-4,2.711916354799751e-5,2.170273711210859e-5,3.231921187507538e-5
"500/test_push/list",8.687055248128832e-2,8.634077209340994e-2,8.82869543443865e-2,4.087617775977142e-3,1.5457548587533647e-3,8.27243423904098e-3
"500/test_push/strict",9.548319747969409e-5,9.346249676966782e-5,9.812716565634811e-5,1.176828460113841e-5,9.46855564442011e-6,1.3983502459200689e-5
"500/test_push/lazy",6.205682291464084e-5,6.052161196804724e-5,6.409645773482758e-5,8.99772262070122e-6,7.1341503434648426e-6,1.0742627038002094e-5
"500/test_push/realtime",1.448341657845111e-4,1.4181615555421975e-4,1.4886193546362607e-4,1.7728304052761745e-5,1.4149627095451257e-5,2.1205117420592107e-5
"500/test_repeated_push_pop/list",1.1359137476558116e-2,1.1127444685573012e-2,1.1672443331355488e-2,1.3685560455135605e-3,1.0755058128640116e-3,1.6552727614644574e-3
"500/test_repeated_push_pop/strict",5.635672072925379e-3,5.537690778929202e-3,5.769410590686608e-3,5.807197145080239e-4,4.525256645530544e-4,7.136798825299498e-4
"500/test_repeated_push_pop/lazy",1.155048850673046e-4,1.126948746970861e-4,1.1934981200937417e-4,1.681656782413217e-5,1.3324602408751439e-5,2.029545757257726e-5
"500/test_repeated_push_pop/realtime",1.7524864249392108e-4,1.716291759847833e-4,1.8017440439795635e-4,2.1470793011606956e-5,1.701322580534934e-5,2.5957773866226887e-5
"1000/test_pop_push/list",2.4440263689631845e-2,2.4125915945643815e-2,2.494192499029103e-2,2.0012139607963088e-3,1.400363778648595e-3,2.71956525892377e-3
"1000/test_pop_push/strict",2.3571624285534924e-4,2.3082506321276178e-4,2.4227608264382208e-4,2.879921946608619e-5,2.263789411413324e-5,3.4517562535234e-5
"1000/test_pop_push/lazy",2.1672033340551777e-4,2.1197021317678326e-4,2.231540587625734e-4,2.8160572592283976e-5,2.224728653567511e-5,3.400040318332097e-5
"1000/test_pop_push/realtime",3.181619471463665e-4,3.1576953206891104e-4,3.235983522051966e-4,1.7429926953101728e-5,9.662384953441826e-6,3.280725045009621e-5
"1000/test_pop/list",1.1628049718799876e-4,1.1396545278492258e-4,1.2001413213672927e-4,1.4799812020473074e-5,1.0529772215567317e-5,2.0379057014302333e-5
"1000/test_pop/strict",1.6085776229539782e-4,1.5752919439926391e-4,1.6537292111982934e-4,1.9667122699254115e-5,1.5496267549543903e-5,2.364823775898042e-5
"1000/test_pop/lazy",1.6254324651221984e-4,1.5916559836919465e-4,1.6705870861969245e-4,1.9975527698898068e-5,1.581530229440519e-5,2.4017037493508668e-5
"1000/test_pop/realtime",2.421952522014504e-4,2.360908305858498e-4,2.499738013957863e-4,3.5105349235782176e-5,2.9082723024572725e-5,4.04014770118673e-5
"1000/test_push/list",0.1442591728578753,0.14372447151052425,0.1455253781686968,3.968670338467482e-3,1.579703358240861e-3,6.937276301641395e-3
"1000/test_push/strict",1.1237732956691499e-4,1.1026229186075179e-4,1.15304977263516e-4,1.2774430600366875e-5,9.868261059316782e-6,1.5775571806048895e-5
"1000/test_push/lazy",6.135509967158546e-5,6.0061281515660955e-5,6.322102891987166e-5,7.887375811599685e-6,5.884327809721968e-6,9.909620438715913e-6
"1000/test_push/realtime",1.8965143144834438e-4,1.85842249836415e-4,1.9465647795121214e-4,2.2358100063276328e-5,1.796327460244799e-5,2.6750454745473888e-5
"1000/test_repeated_push_pop/list",2.4096070707911876e-2,2.3792718828792e-2,2.460981029378834e-2,1.9834942931117355e-3,1.3349662016903419e-3,2.788607212286619e-3
"1000/test_repeated_push_pop/strict",1.1958528936976819e-2,1.1725305498713872e-2,1.2272221029872323e-2,1.3774768144584257e-3,1.0991594983766246e-3,1.6469897551994502e-3
"1000/test_repeated_push_pop/lazy",1.1607639091399454e-4,1.1319129685823188e-4,1.1989757591595469e-4,1.6919092497573588e-5,1.3441404286853495e-5,2.027689958477209e-5
"1000/test_repeated_push_pop/realtime",1.7491390280886237e-4,1.7129596899059034e-4,1.7982212391743526e-4,2.155777443143143e-5,1.7022630219395507e-5,2.5982068943660733e-5
"1500/test_pop_push/list",3.996105092870654e-2,3.951007264959279e-2,4.0747851313228035e-2,2.9813756779858455e-3,1.917050101028415e-3,4.232968729046617e-3
"1500/test_pop_push/strict",2.620400494676591e-4,2.5667582606528545e-4,2.693804709496674e-4,3.21866956461536e-5,2.5526302085868394e-5,3.851387591136659e-5
"1500/test_pop_push/lazy",2.0094443042231234e-4,1.9617621265871914e-4,2.0712420153801516e-4,2.766622765053947e-5,2.230596775976476e-5,3.2565058035276594e-5
"1500/test_pop_push/realtime",3.9667588289437895e-4,3.874057960098805e-4,4.0946353789029713e-4,5.5411663178872036e-5,4.321363325807872e-5,6.73272459958287e-5
"1500/test_pop/list",1.170505891984968e-4,1.1522668706836986e-4,1.1971610891285229e-4,1.1163571120599004e-5,8.446279596497517e-6,1.4554748965482053e-5
"1500/test_pop/strict",1.8145486100448448e-4,1.7805101504914062e-4,1.8621692150648064e-4,2.052421932283707e-5,1.5601669664340563e-5,2.5336660005310437e-5
"1500/test_pop/lazy",1.3569014423431936e-4,1.3298336773975419e-4,1.3944176423673425e-4,1.6262555435732447e-5,1.2722481106139578e-5,1.9763658616599965e-5
"1500/test_pop/realtime",1.9473857635345765e-4,1.9143965794728903e-4,1.9936359403427667e-4,1.9842972712099182e-5,1.5212368175395903e-5,2.4663771731757923e-5
"1500/test_push/list",0.19267776149618096,0.19179832834112115,0.19524968284475266,6.981207104951189e-3,2.334742515563788e-3,1.4917422430106072e-2
"1500/test_push/strict",1.2777395186795083e-4,1.2532642202497187e-4,1.311211730416889e-4,1.4585603984922762e-5,1.1464289200178708e-5,1.7686325185640608e-5
"1500/test_push/lazy",6.266749230290125e-5,6.104774493330492e-5,6.49018992934813e-5,9.671247689604566e-6,7.628523810557922e-6,1.2230009305428018e-5
"1500/test_push/realtime",1.114775543766641e-4,1.0937545540976444e-4,1.1433736431907689e-4,1.2500320768586134e-5,9.75991714307464e-6,1.531709967444611e-5
"1500/test_repeated_push_pop/list",3.859336990224782e-2,3.8217202604884544e-2,3.933201450216236e-2,2.583646843370313e-3,1.5516768474533058e-3,3.993520801994315e-3
"1500/test_repeated_push_pop/strict",1.8165613592738532e-2,1.7865358770961192e-2,1.8602129400844006e-2,1.8354488135132044e-3,1.374624440419417e-3,2.31873376282856e-3
"1500/test_repeated_push_pop/lazy",1.1530868457055904e-4,1.1233756172089666e-4,1.193079762964375e-4,1.7652002857333405e-5,1.4051133072405896e-5,2.106967399118423e-5
"1500/test_repeated_push_pop/realtime",2.1412274609313773e-4,2.1051664417031605e-4,2.190458387846597e-4,2.1560165289295787e-5,1.667975333105249e-5,2.642001888303084e-5
"2000/test_pop_push/list",5.641163963186206e-2,5.59249700914568e-2,5.7402566851252945e-2,3.4158740041397985e-3,1.9410081574154118e-3,5.434144979992479e-3
"2000/test_pop_push/strict",2.874252172651824e-4,2.8180419430886655e-4,2.9512602647780047e-4,3.3524013258862364e-5,2.616266979829062e-5,4.0814527184894235e-5
"2000/test_pop_push/lazy",2.1545545834394884e-4,2.110363901852657e-4,2.2165118942615394e-4,2.6566368951064676e-5,2.0529823073135773e-5,3.2659964545174146e-5
"2000/test_pop_push/realtime",4.962528375547323e-4,4.8459752857118955e-4,5.120936930664844e-4,6.922340101602801e-5,5.4588661468915e-5,8.345482483264381e-5
"2000/test_pop/list",1.140560518449812e-4,1.1311191427173897e-4,1.159204851335554e-4,6.5254820576893045e-6,3.932695666572254e-6,1.0591460178601273e-5
"2000/test_pop/strict",2.1035141052594823e-4,2.0616362792045913e-4,2.1612034541160913e-4,2.515330177591976e-5,1.9984133919201666e-5,3.040664887406445e-5
"2000/test_pop/lazy",1.8185847668505424e-4,1.7790337736729164e-4,1.8728166047942912e-4,2.3522255046664265e-5,1.867781467461347e-5,3.202844884604541e-5
"2000/test_pop/realtime",2.670171704925253e-4,2.615032589409077e-4,2.7483872025305984e-4,3.353153703085263e-5,2.592612656409304e-5,4.121457673597443e-5
"2000/test_push/list",0.255125419081325,0.25437569040166796,0.25807070392476966,6.723649709547986e-3,1.2994930546298895e-3,1.569991932078102e-2
"2000/test_push/strict",1.497928556399559e-4,1.4661639088596348e-4,1.5382628091497322e-4,1.8335634465795138e-5,1.5182565395387607e-5,2.1334327991440576e-5
"2000/test_push/lazy",6.137440391800333e-5,6.0061379820984566e-5,6.324248573331834e-5,7.94214473194015e-6,6.126048329320179e-6,9.799978575053213e-6
"2000/test_push/realtime",1.8815555474947923e-4,1.8377369942060165e-4,1.9392655592949233e-4,2.5546114294386732e-5,2.053883735263861e-5,3.0469358541281367e-5
"2000/test_repeated_push_pop/list",5.556012290822926e-2,5.512048858510915e-2,5.650346654760302e-2,3.1347135099978507e-3,1.5725260165720826e-3,5.2445351459661e-3
"2000/test_repeated_push_pop/strict",2.6122743071193125e-2,2.5748828829402357e-2,2.6717912138575942e-2,2.3744579619174493e-3,1.6409141013291595e-3,3.193959858716075e-3
"2000/test_repeated_push_pop/lazy",1.1449547739670124e-4,1.1170598002121295e-4,1.1839814443338162e-4,1.6730469917997243e-5,1.310014552373066e-5,2.0301103744109987e-5
"2000/test_repeated_push_pop/realtime",1.741087632672364e-4,1.705449845262173e-4,1.7894402829060418e-4,2.1173097437322698e-5,1.6613740030836142e-5,2.5572909052488936e-5
"2500/test_pop_push/list",7.598637002813281e-2,7.544708627569137e-2,7.728780883657402e-2,4.016572839292027e-3,1.385837703958897e-3,7.143737069099555e-3
"2500/test_pop_push/strict",3.1946129393877246e-4,3.1282629310756983e-4,3.282749386491124e-4,3.8945423135534146e-5,3.097193913029698e-5,4.646081063982234e-5
"2500/test_pop_push/lazy",1.9598622238458093e-4,1.9201655304253994e-4,2.0158507399721697e-4,2.387503468374567e-5,1.811728685370252e-5,2.9810090211106937e-5
"2500/test_pop_push/realtime",3.790917956791328e-4,3.7084431904357574e-4,3.90651484362845e-4,4.9566354552743264e-5,3.798005782964137e-5,6.117122442134415e-5
"2500/test_pop/list",1.1733192312183665e-4,1.1541980611744213e-4,1.2040037023487372e-4,1.222443997784862e-5,8.697914448299448e-6,1.7086984068218492e-5
"2500/test_pop/strict",2.3956872721652984e-4,2.3396526082271714e-4,2.465711258693804e-4,3.195916410464152e-5,2.6455579516081756e-5,3.689884929883155e-5
"2500/test_pop/lazy",1.350898218011794e-4,1.3253122763653839e-4,1.387218437880993e-4,1.542924966929733e-5,1.1909094694394274e-5,1.9037865793697417e-5
"2500/test_pop/realtime",2.3636178674366667e-4,2.3190565180080487e-4,2.4259216856258457e-4,2.6815120924972973e-5,2.0290378099653265e-5,3.358512967956495e-5
"2500/test_push/list",0.31885342973577424,0.31828811067449514,0.32123097795354805,5.084137639414898e-3,8.092609262739063e-4,1.1883348793936271e-2
"2500/test_push/strict",1.703542173053046e-4,1.6685729334314965e-4,1.7490011857805248e-4,2.031513308393391e-5,1.6431648136450304e-5,2.3938745211938267e-5
"2500/test_push/lazy",6.226965697895966e-5,6.0843586634745304e-5,6.415822430507533e-5,8.39567174874329e-6,6.665496071789906e-6,1.0041515191983094e-5
"2500/test_push/realtime",1.784905342242947e-4,1.7502510290034478e-4,1.8333091512789804e-4,2.0788367492427502e-5,1.606418456474939e-5,2.5759497242785848e-5
"2500/test_repeated_push_pop/list",7.345211404668753e-2,7.291807311880052e-2,7.478009361135425e-2,4.002193290004079e-3,1.3860581666463024e-3,7.0627202969949345e-3
"2500/test_repeated_push_pop/strict",3.565950530874194e-2,3.526232379781667e-2,3.636555808889332e-2,2.6508050349235805e-3,1.672019867590838e-3,3.8191970376714045e-3
"2500/test_repeated_push_pop/lazy",1.1441093570726853e-4,1.118115374121839e-4,1.1811509757831577e-4,1.5769914227348693e-5,1.204206544880818e-5,1.9589786188273173e-5
"2500/test_repeated_push_pop/realtime",2.1887083459955288e-4,2.1442190133877143e-4,2.2509900908162592e-4,2.6750295246425584e-5,2.060774633716887e-5,3.296056061898139e-5
"3000/test_pop_push/list",9.674024480688037e-2,9.647941726552908e-2,9.790813106405204e-2,2.4141575450213407e-3,3.164377996660958e-4,5.707172798714328e-3
"3000/test_pop_push/strict",3.6242622315517327e-4,3.547094552269937e-4,3.7261910827354543e-4,4.512881634637133e-5,3.592136711584882e-5,5.402552476152545e-5
"3000/test_pop_push/lazy",2.007226718356307e-4,1.9622266565119713e-4,2.0666045042412798e-4,2.6398933412709173e-5,2.101987115123987e-5,3.155150371972021e-5
"3000/test_pop_push/realtime",3.1422635347773696e-4,3.0799307002611154e-4,3.233767450109985e-4,3.8152681964610505e-5,2.8974041756088595e-5,4.797565669961613e-5
"3000/test_pop/list",1.3886827337208078e-4,1.3517755376758858e-4,1.4286655294361403e-4,1.9682198963026236e-5,1.7144345590108357e-5,2.3526424119265988e-5
"3000/test_pop/strict",2.5484130517364927e-4,2.498144878518721e-4,2.6145604321414946e-4,2.9583691270739646e-5,2.3436003044470137e-5,3.575406298998276e-5
"3000/test_pop/lazy",1.363404049937559e-4,1.3361719834928306e-4,1.400829806392027e-4,1.622734320273921e-5,1.2719451030052616e-5,1.964214861111939e-5
"3000/test_pop/realtime",1.989015292908976e-4,1.9517408553430194e-4,2.0392204774763356e-4,2.193682008550941e-5,1.744340963128135e-5,2.6350011295487264e-5
"3000/test_push/list",0.3875089229952042,0.38726117509710245,0.3879248632799333,1.6060541558966265e-3,1.0637403932983731e-3,2.4508039326241416e-3
"3000/test_push/strict",1.868915406784997e-4,1.833276455241446e-4,1.9185057595408719e-4,2.1347327705053927e-5,1.6872326668642295e-5,2.587748655092031e-5
"3000/test_push/lazy",6.267592400846197e-5,6.121977061567023e-5,6.455512732801153e-5,8.412479243638548e-6,6.921013930485374e-6,9.880878105172361e-6
"3000/test_push/realtime",1.4201471435456366e-4,1.3808984971153875e-4,1.4603973729313007e-4,2.0444476819488993e-5,1.8288235871655857e-5,2.3104389837027223e-5
"3000/test_repeated_push_pop/list",9.373448509084649e-2,9.366027492391532e-2,9.38864244829363e-2,5.230150172367865e-4,3.0617400239426343e-4,9.818452189865599e-4
"3000/test_repeated_push_pop/strict",4.293187517034476e-2,4.25038184534258e-2,4.373338836538261e-2,2.90986932456574e-3,1.7843136468475521e-3,4.466898181437345e-3
"3000/test_repeated_push_pop/lazy",1.1523613473962985e-4,1.1235828879721283e-4,1.1910415309495481e-4,1.7020454452093873e-5,1.353963006595335e-5,2.0325417766534656e-5
"3000/test_repeated_push_pop/realtime",2.3045260583044234e-4,2.2461555547921273e-4,2.3738360732025499e-4,3.256886725339342e-5,2.842847405877348e-5,3.9469129457147514e-5
"3500/test_pop_push/list",0.1334298242937273,0.1310602583299822,0.1358238448511309,1.2228082952702928e-2,1.1442894531908783e-2,1.380823140866496e-2
"3500/test_pop_push/strict",3.737630378788532e-4,3.66606308180672e-4,3.834750186985554e-4,4.235225744024383e-5,3.342417025931535e-5,5.214849530060279e-5
"3500/test_pop_push/lazy",2.053390826667211e-4,2.0082858159230853e-4,2.114377163874823e-4,2.6679383521084753e-5,2.1238189917630815e-5,3.1958472224759616e-5
"3500/test_pop_push/realtime",3.910098058649905e-4,3.8252743380544905e-4,4.0331500947109113e-4,5.183201772245212e-5,3.936265674128182e-5,6.453380020942238e-5
"3500/test_pop/list",1.153220545000105e-4,1.1414188253345773e-4,1.1736768590870186e-4,7.773987999482928e-6,5.052905987314061e-6,1.0999163586295976e-5
"3500/test_pop/strict",2.943535502815114e-4,2.886965427536054e-4,3.02219311883159e-4,3.393382505404698e-5,2.6273110566148333e-5,4.154540352041704e-5
"3500/test_pop/lazy",1.3552369803376767e-4,1.3311300419858101e-4,1.3887822180532025e-4,1.4417575886205552e-5,1.114917028188182e-5,1.7850883384409385e-5
"3500/test_pop/realtime",1.9434208247198987e-4,1.9070339866849204e-4,1.9925887908056657e-4,2.1508019016933652e-5,1.689436699955674e-5,2.5933254356069726e-5
"3500/test_push/list",0.5196777476679032,0.5049056972871966,0.537023066462154,8.199222557168791e-2,7.156435719116468e-2,9.223460935627077e-2
"3500/test_push/strict",2.8235824763478347e-4,2.7655241463569015e-4,2.8815386269477215e-4,2.971561280703611e-5,2.432623243699944e-5,3.614623673186741e-5
"3500/test_push/lazy",9.828517733369649e-5,9.704931323238438e-5,9.975479353080981e-5,6.888318073077353e-6,5.701230096278623e-6,9.342471174448341e-6
"3500/test_push/realtime",1.3382368671481612e-4,1.3210238585276398e-4,1.3490708241266987e-4,6.905388718279451e-6,4.693559020304928e-6,1.0100437600977467e-5
"3500/test_repeated_push_pop/list",0.17130271333562794,0.16929299253332086,0.17394714492666188,1.179296778707961e-2,9.433037766486515e-3,1.4099310060297061e-2
"3500/test_repeated_push_pop/strict",7.9157868803615e-2,7.741359609472216e-2,8.111952203618941e-2,9.470368462712339e-3,8.460654397918196e-3,1.0414552860100196e-2
"3500/test_repeated_push_pop/lazy",1.5220724082125507e-4,1.483298062016178e-4,1.562884678798431e-4,2.0435786317208126e-5,1.870000738644269e-5,2.262450835673212e-5
"3500/test_repeated_push_pop/realtime",1.7552039395080373e-4,1.720119181619511e-4,1.8034924856184914e-4,2.0966522102667414e-5,1.6169668862027363e-5,2.561069857485311e-5
"4000/test_pop_push/list",0.1469319548021501,0.14660875934469167,0.14748338598119687,2.1184861567321986e-3,1.3744807050100729e-3,3.2669046452115354e-3
"4000/test_pop_push/strict",4.330934346078048e-4,4.237889906126467e-4,4.4549279017827993e-4,5.45120950841487e-5,4.348432798798795e-5,6.565162257639751e-5
"4000/test_pop_push/lazy",2.1957023973981254e-4,2.145025922261157e-4,2.2634944978195773e-4,2.9734909709949816e-5,2.339545440608951e-5,3.561537885267352e-5
"4000/test_pop_push/realtime",5.583688194997868e-4,5.465520993319906e-4,5.748086745985112e-4,7.082369812931949e-5,5.409890509571385e-5,8.751193180591129e-5
"4000/test_pop/list",1.1712688314380933e-4,1.1570352422657297e-4,1.1951106893482493e-4,9.27670871530145e-6,6.1562560263135294e-6,1.3238119022933474e-5
"4000/test_pop/strict",3.2247812055533217e-4,3.160736014742164e-4,3.311299334266293e-4,3.776247686013096e-5,3.023739603276554e-5,4.537445705900288e-5
"4000/test_pop/lazy",1.5990814303892367e-4,1.5639554323871712e-4,1.6466899990877812e-4,2.087035605676608e-5,1.6378520570079063e-5,2.598243916389168e-5
"4000/test_pop/realtime",2.6748347160457386e-4,2.6191863295673133e-4,2.7492312468328865e-4,3.280221243038228e-5,2.6233162728384635e-5,3.955400066162205e-5
"4000/test_push/list",0.543139013231868,0.540216049135799,0.5488497199426837,2.019786415845363e-2,1.1453182077739352e-2,3.278781937278432e-2
"4000/test_push/strict",2.450718400734435e-4,2.3985337161306128e-4,2.5196611065246354e-4,3.063085626534981e-5,2.5117725951537182e-5,3.651141937215521e-5
"4000/test_push/lazy",6.229143260001846e-5,6.0855857803007505e-5,6.427774202513647e-5,8.602124040954195e-6,6.6241225127301e-6,1.0515409669567162e-5
"4000/test_push/realtime",1.8727917214348723e-4,1.833880708932055e-4,1.9252830562033156e-4,2.307320838711618e-5,1.8143956652114614e-5,2.814825094469266e-5
"4000/test_repeated_push_pop/list",0.14032134431707322,0.13979631561147632,0.1410900987993426,3.208688556051238e-3,2.491374017824264e-3,4.583800414784813e-3
"4000/test_repeated_push_pop/strict",6.324978250371881e-2,6.267025131093924e-2,6.440246719228684e-2,3.993163229733569e-3,2.2599521297715433e-3,6.224618982996237e-3
"4000/test_repeated_push_pop/lazy",1.143139227628209e-4,1.1171712107631116e-4,1.1791268409853252e-4,1.5538197778405885e-5,1.2023781957605853e-5,1.924774876430154e-5
"4000/test_repeated_push_pop/realtime",1.738171773449953e-4,1.7036548939595086e-4,1.7859610746410104e-4,2.064241137110078e-5,1.5859324332767866e-5,2.5430254120164102e-5
"4500/test_pop_push/list",0.17307698625432907,0.17289383548604903,0.17345525401937423,1.2897428628660308e-3,7.679537312038067e-4,2.3768327025137353e-3
"4500/test_pop_push/strict",5.228603343524746e-4,5.12520358995419e-4,5.366319477913986e-4,6.089302363242519e-5,4.9032046944394614e-5,7.359895074621592e-5
"4500/test_pop_push/lazy",1.9814608992716008e-4,1.9403168648298209e-4,2.038936956997395e-4,2.479975015654987e-5,1.9023532452468527e-5,3.048948726729569e-5
"4500/test_pop_push/realtime",5.478890642340039e-4,5.358943291796561e-4,5.644406002964932e-4,7.153178352632344e-5,5.5324808980646185e-5,8.775343970698325e-5
"4500/test_pop/list",1.1894124853077225e-4,1.1677402364673899e-4,1.2211936819019604e-4,1.3324288838040726e-5,9.902937278457039e-6,1.75862912774037e-5
"4500/test_pop/strict",3.5279291530661993e-4,3.4530698064039514e-4,3.625708018335452e-4,4.351510005022642e-5,3.485023534608845e-5,5.183778699403712e-5
"4500/test_pop/lazy",1.3504680279668928e-4,1.3250020730619225e-4,1.3855235927643365e-4,1.5233667014342978e-5,1.1676508601827623e-5,1.875497230629247e-5
"4500/test_pop/realtime",3.1235367468529187e-4,3.0283562570527237e-4,3.2383504647817175e-4,5.317022403788459e-5,4.629556328984807e-5,5.8903411763803035e-5
"4500/test_push/list",0.6080587329279131,0.6072312273393815,0.6095050110231583,5.4331113679410535e-3,3.6244799388989992e-3,8.717530689748693e-3
"4500/test_push/strict",2.518757828135989e-4,2.4676128965086337e-4,2.585105053988623e-4,2.9633169087257907e-5,2.422692912196046e-5,3.477936280925797e-5
"4500/test_push/lazy",6.194331357323015e-5,6.061950031421871e-5,6.384739280275491e-5,8.049551370201217e-6,6.048590643454532e-6,1.003510834098309e-5
"4500/test_push/realtime",2.3897511066785508e-4,2.3460954727521583e-4,2.450864941059654e-4,2.6204497619334727e-5,2.0276916767113857e-5,3.252551035126909e-5
"4500/test_repeated_push_pop/list",0.1651676787744707,0.16475701946126886,0.1658480586420244,2.6377061056272245e-3,1.8351034213593676e-3,3.9030495398828737e-3
"4500/test_repeated_push_pop/strict",7.284944433080616e-2,7.236385005819264e-2,7.382264989721242e-2,3.4097294640306136e-3,1.9880263900157315e-3,5.6493288321172565e-3
"4500/test_repeated_push_pop/lazy",1.1812570152845295e-4,1.1483545701725735e-4,1.2231328545179277e-4,1.88579940929982e-5,1.5538948745563963e-5,2.1838236730586245e-5
"4500/test_repeated_push_pop/realtime",2.1919186801591455e-4,2.1456416339555318e-4,2.256252401602604e-4,2.7822135127897433e-5,2.165411178584354e-5,3.3977854795394423e-5
"5000/test_pop_push/list",0.20322944539892132,0.20293084281789722,0.20380227941381399,2.040913408315105e-3,1.3013063514514898e-3,3.506329358716782e-3
"5000/test_pop_push/strict",5.232180190513385e-4,5.135232520530473e-4,5.366945815513384e-4,5.812895315660033e-5,4.44336954483653e-5,7.192424726637357e-5
"5000/test_pop_push/lazy",1.985306731070249e-4,1.9408946875130106e-4,2.045543718853197e-4,2.635286152259477e-5,2.0779770504235883e-5,3.1752611876126044e-5
"5000/test_pop_push/realtime",4.7891983945703157e-4,4.6856064049824616e-4,4.934359987972192e-4,6.249458171503666e-5,4.854310022542465e-5,7.65680025655287e-5
"5000/test_pop/list",1.1596578466358474e-4,1.1462587224903393e-4,1.1831897603931713e-4,8.876931176692216e-6,5.651599877806654e-6,1.259576086165758e-5
"5000/test_pop/strict",3.774342369621815e-4,3.6908548887429847e-4,3.8847450729070324e-4,4.901782067948406e-5,3.9496901805351195e-5,5.799824096486271e-5
"5000/test_pop/lazy",1.3576937171586766e-4,1.332791793845741e-4,1.39220929285474e-4,1.4965741503712025e-5,1.1340534281396851e-5,1.8639814363203383e-5
"5000/test_pop/realtime",2.5489688286721744e-4,2.494964101094499e-4,2.6240444063886143e-4,3.230029281266936e-5,2.480070332927327e-5,3.966857737238991e-5
"5000/test_push/list",0.6872715200792496,0.6866906036745254,0.6882454003702352,3.7636501453810036e-3,2.5257841006359623e-3,5.560074977238114e-3
"5000/test_push/strict",2.894363931876832e-4,2.8333927151548655e-4,2.97663893236234e-4,3.5957955567985e-5,2.8631427940178388e-5,4.3760192759851606e-5
"5000/test_push/lazy",6.193167657193853e-5,6.051942796048833e-5,6.383516282376958e-5,8.311445687960817e-6,6.595069117474597e-6,9.951975810405088e-6
"5000/test_push/realtime",1.9154883657245637e-4,1.8770229572948564e-4,1.9665073288459517e-4,2.251543524633086e-5,1.8127086481758225e-5,2.6807757491983824e-5
"5000/test_repeated_push_pop/list",0.19062658447133954,0.19036368507253584,0.19113875287877974,1.8181711178985476e-3,1.1172240789636316e-3,3.1719395401914267e-3
"5000/test_repeated_push_pop/strict",8.4656919420833e-2,8.394140619146293e-2,8.60655130754656e-2,4.949312456314953e-3,2.7628539881703255e-3,8.022475528082523e-3
"5000/test_repeated_push_pop/lazy",1.153946277206295e-4,1.1257746479303794e-4,1.1917657617010623e-4,1.6624553476583343e-5,1.3226924169964685e-5,2.001403341552563e-5
"5000/test_repeated_push_pop/realtime",2.224813780164608e-4,2.1709550231455667e-4,2.2950142967919938e-4,3.1388429738364046e-5,2.5321552308258024e-5,3.6925541907481795e-5
"5500/test_pop_push/list",0.2351567854295916,0.23487514871465628,0.23570745843755667,1.9599662870623353e-3,1.1188490596810755e-3,3.1458114036957852e-3
"5500/test_pop_push/strict",5.432216898051662e-4,5.317759092100224e-4,5.583180562106535e-4,6.709479949604472e-5,5.41354800627819e-5,7.949750761003268e-5
"5500/test_pop_push/lazy",1.975457064127843e-4,1.9332907515922396e-4,2.0347421617798546e-4,2.5315007962932113e-5,1.9260433003399018e-5,3.121561322208619e-5
"5500/test_pop_push/realtime",3.9952185567079183e-4,3.9050836678205153e-4,4.120362978762209e-4,5.402477422105161e-5,4.143084931258087e-5,6.641263913667258e-5
"5500/test_pop/list",1.1797565328541087e-4,1.1543411123218821e-4,1.241530786699324e-4,1.9011555146115104e-5,9.40377657603718e-6,3.71856697530509e-5
"5500/test_pop/strict",4.16902723261738e-4,4.0890946529899735e-4,4.272995156001825e-4,4.681305160040274e-5,3.80027526215731e-5,5.568520220668701e-5
"5500/test_pop/lazy",1.3535887198468297e-4,1.328105920150944e-4,1.389168028066408e-4,1.5250416588660234e-5,1.1800386746797404e-5,1.876471017202541e-5
"5500/test_pop/realtime",2.456758452984033e-4,2.406026069962431e-4,2.5287025837755913e-4,3.083608295352104e-5,2.3326517656327573e-5,3.8219586111393504e-5
"5500/test_push/list",0.7715348925005142,0.7681846608530227,0.7804652108560749,2.5118589859957793e-2,5.702752329111444e-3,5.0308460238379774e-2
"5500/test_push/strict",3.2275698585068624e-4,3.1615321914035604e-4,3.3156826407162104e-4,3.886097609280915e-5,3.140960820388752e-5,4.6949860362962556e-5
"5500/test_push/lazy",6.30323516248798e-5,6.15925762243859e-5,6.488988145011884e-5,8.359102749708246e-6,6.733174030176156e-6,9.930851802746418e-6
"5500/test_push/realtime",1.7943456221404083e-4,1.7589018769790504e-4,1.8422392090520606e-4,2.097726666747106e-5,1.654556195882381e-5,2.5662941178955537e-5
"5500/test_repeated_push_pop/list",0.21792066234456955,0.21752672571050588,0.21866073268758715,2.6876684126519975e-3,1.6073193783192191e-3,4.238471135639611e-3
"5500/test_repeated_push_pop/strict",9.736554521429007e-2,9.6723843992824e-2,9.883119005071582e-2,4.711396233855765e-3,1.8924826082920938e-3,8.148166219075291e-3
"5500/test_repeated_push_pop/lazy",1.141526225671091e-4,1.1147440204994168e-4,1.1791956927058315e-4,1.6164904262037753e-5,1.2437181406121485e-5,1.988841658782925e-5
"5500/test_repeated_push_pop/realtime",2.1330147758734722e-4,2.097026615974031e-4,2.1831551027512826e-4,2.1624151547845818e-5,1.6771630685400974e-5,2.6542600151209766e-5
"6000/test_pop_push/list",0.2693264235864825,0.2689413155924028,0.2699653829942888,2.4983019566599584e-3,1.7154832394938666e-3,3.6690173590470396e-3
"6000/test_pop_push/strict",5.782567948636723e-4,5.661814898786261e-4,5.94160148554773e-4,7.034342704583363e-5,5.6405094538133946e-5,8.414571244195473e-5
"6000/test_pop_push/lazy",1.967659324138186e-4,1.9267278911186807e-4,2.0247068457025075e-4,2.454202508318867e-5,1.8863701699719298e-5,3.0171699064408224e-5
"6000/test_pop_push/realtime",3.145898327498293e-4,3.0762753340290555e-4,3.243934259085514e-4,4.226122060386795e-5,3.261520608960637e-5,5.159204281281707e-5
"6000/test_pop/list",1.1653560506763743e-4,1.1479038106861398e-4,1.2303966390552805e-4,1.5248900480657081e-5,3.804674733439248e-6,3.516756338257996e-5
"6000/test_pop/strict",4.6375013117292026e-4,4.5417848352887727e-4,4.7615962748029356e-4,5.606922810617532e-5,4.5577040521183035e-5,6.633969803787181e-5
"6000/test_pop/lazy",1.3566912711827033e-4,1.3300938646295174e-4,1.392800542439523e-4,1.573203404688755e-5,1.2252145262246558e-5,1.9220135902758504e-5
"6000/test_pop/realtime",2.0252824124538548e-4,1.9884064844193078e-4,2.076995011410854e-4,2.2204301749425654e-5,1.7243820389738515e-5,2.7339093882853362e-5
"6000/test_push/list",0.854098342836971,0.8533665575395768,0.8552043070207782,4.553578980112662e-3,3.3260316171218295e-3,6.0535935583365345e-3
"6000/test_push/strict",3.235740144282743e-4,3.1690582322119177e-4,3.328510068245789e-4,4.011741559609256e-5,3.119810340364425e-5,5.107856746237105e-5
"6000/test_push/lazy",6.245472836902882e-5,6.099979954338732e-5,6.439997733458816e-5,8.556378542968156e-6,6.781063264691921e-6,1.0251767397192006e-5
"6000/test_push/realtime",1.2598866404170417e-4,1.2362302721614268e-4,1.2925309122676282e-4,1.4085407411658175e-5,1.0877859508333251e-5,1.7238300647297886e-5
"6000/test_repeated_push_pop/list",0.24715609210836365,0.24681584018575614,0.2476704897295183,2.1202579257784356e-3,1.5350513455365052e-3,2.899461163127945e-3
"6000/test_repeated_push_pop/strict",0.11612946885930958,0.11305087226736006,0.12045552152502005,1.867810581772618e-2,1.4214488728437981e-2,2.3465327641455817e-2
"6000/test_repeated_push_pop/lazy",1.166701696243614e-4,1.1383867204665563e-4,1.2037134111403841e-4,1.6497963644282644e-5,1.3180054073153347e-5,1.9714757423438166e-5
"6000/test_repeated_push_pop/realtime",2.1553784385931995e-4,2.1125692580995748e-4,2.211871495988127e-4,2.510964766540709e-5,2.0189185317312297e-5,2.9783508502062576e-5
"6500/test_pop_push/list",0.305528477610225,0.305159484327907,0.3060693969141192,2.2657597169415023e-3,1.6719979979914201e-3,3.034503434716177e-3
"6500/test_pop_push/strict",5.570518464383794e-4,5.462861747083381e-4,5.715819091138555e-4,6.41296450031051e-5,5.04467260263296e-5,7.754353682311276e-5
"6500/test_pop_push/lazy",1.99684539543779e-4,1.9546503643006128e-4,2.053777223445344e-4,2.5103904397635873e-5,1.9656183246932395e-5,3.078452252339279e-5
"6500/test_pop_push/realtime",3.150461727918761e-4,3.0623819575126743e-4,3.257551974028497e-4,4.963960181991757e-5,4.278287152806e-5,5.514735439561224e-5
"6500/test_pop/list",1.1764901983204177e-4,1.1580366002979563e-4,1.2077468740406319e-4,1.2062247547842714e-5,8.402948283409718e-6,1.8421674075311518e-5
"6500/test_pop/strict",4.7195058588483436e-4,4.6345124964215865e-4,4.837818694541703e-4,5.113587267088304e-5,3.9272151410544787e-5,6.38933739177915e-5
"6500/test_pop/lazy",1.3573012237773815e-4,1.331922719670307e-4,1.392862508488665e-4,1.5293220035032313e-5,1.15767988449061e-5,1.906403664644521e-5
"6500/test_pop/realtime",1.9384269015931937e-4,1.901924260248366e-4,1.9881579896562679e-4,2.1658351073102977e-5,1.697454858088755e-5,2.6102976960113447e-5
"6500/test_push/list",0.9391639413248247,0.9382049383531753,0.9407342948328201,6.144879016974959e-3,4.368308484302994e-3,8.917939508135372e-3
"6500/test_push/strict",3.6364899876783655e-4,3.566729392629189e-4,3.730878540752794e-4,4.162509097133955e-5,3.2864087296131995e-5,5.066049606417207e-5
"6500/test_push/lazy",6.1623723214242e-5,6.025521249112798e-5,6.350783795652104e-5,8.149359813296767e-6,6.299214281289853e-6,9.967395593962593e-6
"6500/test_push/realtime",1.0385121769159306e-4,1.0188730976056173e-4,1.0663139871083907e-4,1.1842919699499727e-5,9.107172140989606e-6,1.4607883166256604e-5
"6500/test_repeated_push_pop/list",0.2783493604074663,0.2779747762094681,0.27916252988683643,2.7033769441994486e-3,1.4850603272288428e-3,4.983479258423823e-3
"6500/test_repeated_push_pop/strict",0.12242049354421557,0.12161536115514705,0.1241668452631181,5.783374716475058e-3,2.7223054898962325e-3,9.788750510254407e-3
"6500/test_repeated_push_pop/lazy",1.1501081804132374e-4,1.1217000496605314e-4,1.1888843998614344e-4,1.6820527768289867e-5,1.3162503009644427e-5,2.043829403623384e-5
"6500/test_repeated_push_pop/realtime",1.7408527137491382e-4,1.7048122609387035e-4,1.7902512093499113e-4,2.1536660052499492e-5,1.6596306509127326e-5,2.6324520276027715e-5
"7000/test_pop_push/list",0.34667005914556437,0.34462525266515665,0.35045300859319617,1.3858786480816862e-2,8.449734945929419e-3,2.1327447065547303e-2
"7000/test_pop_push/strict",6.704616013888011e-4,6.505444897410441e-4,6.94574378094894e-4,1.1197362390392235e-4,9.653266575635409e-5,1.269854922157649e-4
"7000/test_pop_push/lazy",1.9649692238041244e-4,1.9240978991306206e-4,2.0225184317870074e-4,2.449815564602951e-5,1.8489338879008902e-5,3.0370609340079278e-5
"7000/test_pop_push/realtime",3.008802097278549e-4,2.948902046068565e-4,3.096525015160957e-4,3.68447874296517e-5,2.7656538893756805e-5,4.649885285293168e-5
"7000/test_pop/list",1.1799711095753002e-4,1.1623519765796946e-4,1.217045198625593e-4,1.2509188769064135e-5,7.417131632429038e-6,2.2991089368253094e-5
"7000/test_pop/strict",6.003562522361526e-4,5.895858359763874e-4,6.159521651695023e-4,6.589069594372971e-5,4.950590078000509e-5,8.263035584809241e-5
"7000/test_pop/lazy",1.408162431890445e-4,1.3709201104045618e-4,1.453390168459968e-4,2.0891797574199912e-5,1.7700679695119845e-5,2.3566750108377265e-5
"7000/test_pop/realtime",1.9237751338019304e-4,1.8907359953712887e-4,1.970411700085141e-4,1.9967129102732906e-5,1.5502055126970715e-5,2.4517183291268925e-5
"7000/test_push/list",1.0278198589693255,1.0268857778917502,1.0292529787431908,5.839784623685484e-3,4.270644553998215e-3,8.392349121098748e-3
"7000/test_push/strict",3.9779287393746987e-4,3.9037135060487394e-4,4.079144876783909e-4,4.408544346276415e-5,3.4836296999173515e-5,5.3291733561457836e-5
"7000/test_push/lazy",6.14888065955304e-5,6.039885466462847e-5,6.304542315859381e-5,6.603616479884942e-6,4.98255118679146e-6,8.454383527315523e-6
"7000/test_push/realtime",1.0369702698699088e-4,1.0177030434022957e-4,1.0644314820922245e-4,1.1672948258331426e-5,8.90533641541018e-6,1.4524790931513297e-5
"7000/test_repeated_push_pop/list",0.31259659427511155,0.3120797600160783,0.3133992018114275,3.2496721477620963e-3,2.2742191321787775e-3,4.4196986492651e-3
"7000/test_repeated_push_pop/strict",0.13515928405630054,0.1339883245836443,0.1377532734285539,8.508044899560663e-3,4.29318069216947e-3,1.403532217065017e-2
"7000/test_repeated_push_pop/lazy",1.1564280796608298e-4,1.1266889606889149e-4,1.1958384458631302e-4,1.736195772690056e-5,1.3824374447953655e-5,2.0783924088047193e-5
"7000/test_repeated_push_pop/realtime",1.7500971190554401e-4,1.7123866357978532e-4,1.8009664738903632e-4,2.2221203470011313e-5,1.7476357462137503e-5,2.670485113350048e-5
"7500/test_pop_push/list",0.3875843681703752,0.3852309049974627,0.39186788934575967,1.585878326611378e-2,9.561007587036688e-3,2.3469004166043594e-2
"7500/test_pop_push/strict",6.876293255816249e-4,6.742507319248732e-4,7.059213287893615e-4,7.953420856008591e-5,6.220111813503138e-5,9.665171683040112e-5
"7500/test_pop_push/lazy",1.9809683449486935e-4,1.9360714774085462e-4,2.0414294043979045e-4,2.6515625858103992e-5,2.105082007655905e-5,3.1691335230596875e-5
"7500/test_pop_push/realtime",3.523530670879747e-4,3.454534377675575e-4,3.6239321405191164e-4,4.2344319659417087e-5,3.178639552651307e-5,5.364548033886039e-5
"7500/test_pop/list",1.1784213888111401e-4,1.1590379583301826e-4,1.209844957536726e-4,1.2423205368643708e-5,8.904627087540816e-6,1.858853508564338e-5
"7500/test_pop/strict",5.8685354680649e-4,5.754826835731963e-4,6.026777284994303e-4,6.788422179629967e-5,5.326239783969815e-5,8.255088062211066e-5
"7500/test_pop/lazy",1.35444535670641e-4,1.328904176923668e-4,1.3900213386849425e-4,1.5416861022017362e-5,1.1852312911328026e-5,1.898751970341001e-5
"7500/test_pop/realtime",1.933203851970941e-4,1.8999243436186618e-4,1.9807087538569279e-4,2.0135400962649198e-5,1.533221986890729e-5,2.5039378948056245e-5
"7500/test_push/list",1.1232659043680377,1.1223861755739393,1.1245276464830578,5.366158582677762e-3,4.009282373376698e-3,6.9013066675913835e-3
"7500/test_push/strict",5.432356903370771e-4,5.341036807730532e-4,5.565715974350961e-4,5.6293295664923335e-5,4.20928421495858e-5,7.162173336268141e-5
"7500/test_push/lazy",6.176422573971822e-5,6.0525564120750066e-5,6.357417860372462e-5,7.607959857860366e-6,5.7442871558900236e-6,9.539800666409813e-6
"7500/test_push/realtime",1.0473846531414908e-4,1.0258938448808482e-4,1.0769703783115616e-4,1.2819697530917435e-5,1.0121816992303396e-5,1.544874888321157e-5
"7500/test_repeated_push_pop/list",0.34609240669118824,0.3455667867075151,0.34699493068563386,3.4574134439972395e-3,2.2726416618605145e-3,5.213355827352892e-3
"7500/test_repeated_push_pop/strict",0.14841175693380304,0.14758746284353194,0.15070265191900198,6.455726486800977e-3,2.1679158199151252e-3,1.358600376925294e-2
"7500/test_repeated_push_pop/lazy",1.1459238229394539e-4,1.1203731499983355e-4,1.1817572440940117e-4,1.538561949466207e-5,1.1812696308496867e-5,1.9117144092821476e-5
"7500/test_repeated_push_pop/realtime",1.755368370440469e-4,1.7176413812812515e-4,1.8046957072653263e-4,2.1958023067002913e-5,1.761222246018899e-5,2.6066344085935326e-5
"8000/test_pop_push/list",0.4296320166002458,0.42645551580297414,0.43602784770833924,2.2314606743389413e-2,1.2672041175038243e-2,3.5768867242207396e-2
"8000/test_pop_push/strict",8.309859445782417e-4,8.182502514999492e-4,8.500741124715004e-4,7.889013812931187e-5,5.768718463581805e-5,1.026734253791394e-4
"8000/test_pop_push/lazy",2.1372041764694796e-4,2.0896279510594065e-4,2.2021275760552683e-4,2.8279513760611194e-5,2.2106868010998312e-5,3.422433923159404e-5
"8000/test_pop_push/realtime",5.097840857932817e-4,4.995581222007522e-4,5.240779471824419e-4,6.147294945353073e-5,4.725045679383383e-5,7.666158892578699e-5
"8000/test_pop/list",1.1794227468433664e-4,1.158751856035261e-4,1.2118715154590891e-4,1.3071586492873615e-5,9.44285797829418e-6,1.814253372121807e-5
"8000/test_pop/strict",5.975724973947095e-4,5.867091715821096e-4,6.126513888020694e-4,6.532295782694856e-5,5.018786545652717e-5,8.030964091209768e-5
"8000/test_pop/lazy",1.587690543967852e-4,1.547103851436917e-4,1.6367913965619952e-4,2.2831132342589763e-5,1.949700305523964e-5,2.5674212302158172e-5
"8000/test_pop/realtime",2.4584039245420975e-4,2.407806000089536e-4,2.5279116517982873e-4,3.025335464489995e-5,2.3698138310781406e-5,3.6749295389157385e-5
"8000/test_push/list",1.216277531565303,1.2153899778734394,1.21751743930685,5.325649482996229e-3,4.0821950845925485e-3,6.778148364710649e-3
"8000/test_push/strict",4.7452711833878303e-4,4.654063238957994e-4,4.8689829161054917e-4,5.387645069318746e-5,4.213309996371486e-5,6.551141246403935e-5
"8000/test_push/lazy",6.422281965245714e-5,6.238337165783568e-5,6.64791230698965e-5,1.0408425139396848e-5,8.749853172118532e-6,1.184035236076324e-5
"8000/test_push/realtime",1.6328768112833768e-4,1.6002644694146505e-4,1.676847233183101e-4,1.920096484685953e-5,1.5175787547766137e-5,2.3233632957173548e-5
"8000/test_repeated_push_pop/list",0.37991295951711607,0.3794035186182207,0.38083133834707217,3.418953473267971e-3,2.1742860104096685e-3,5.169907830947799e-3
"8000/test_repeated_push_pop/strict",0.16335205453741014,0.16248362439977587,0.16572520393239923,6.806468366175311e-3,3.124457956304998e-3,1.4363292593448007e-2
"8000/test_repeated_push_pop/lazy",1.1444226771755219e-4,1.118017708129473e-4,1.1804105133537401e-4,1.5714101172003107e-5,1.2214309826125318e-5,1.9238441593403867e-5
"8000/test_repeated_push_pop/realtime",1.7535699607584146e-4,1.7158066586156126e-4,1.8048262872871114e-4,2.2431716171424813e-5,1.7619304991888602e-5,2.6947387387927107e-5
"8500/test_pop_push/list",0.4711065949808305,0.4705707611452288,0.471987480105037,3.450798880759137e-3,2.4180289543838354e-3,5.219678527353471e-3
"8500/test_pop_push/strict",7.728726983782072e-4,7.565790137366869e-4,7.943516692237478e-4,9.51384623634242e-5,7.718167382401014e-5,1.12580462256076e-4
"8500/test_pop_push/lazy",1.9806786759628126e-4,1.9354510221228054e-4,2.0425139369150335e-4,2.6995971793333218e-5,2.1225612456066525e-5,3.246396297834461e-5
"8500/test_pop_push/realtime",5.999147977656141e-4,5.867730521528791e-4,6.185042943781629e-4,7.95438376171382e-5,6.105402074574284e-5,9.847600486709949e-5
"8500/test_pop/list",1.1818784582081127e-4,1.164426218217878e-4,1.2079376089039136e-4,1.0818030410363135e-5,7.99283463596643e-6,1.3987243011292592e-5
"8500/test_pop/strict",6.688377029959047e-4,6.557707754039447e-4,6.855826345348039e-4,7.5299286996587e-5,6.164519350153264e-5,8.895502543317162e-5
"8500/test_pop/lazy",1.340163798857188e-4,1.3171556368816954e-4,1.3737728712245366e-4,1.411257920592167e-5,1.0586545758824162e-5,1.7754786500861064e-5
"8500/test_pop/realtime",2.890964389084583e-4,2.832459648687449e-4,2.974474999876956e-4,3.549415200262222e-5,2.675737234378063e-5,4.440863190672326e-5
"8500/test_push/list",1.3182988347421831,1.3173720945726584,1.3196263231645768,5.62266945735185e-3,4.312834759835613e-3,7.524272713403981e-3
"8500/test_push/strict",5.008538469488474e-4,4.918147766535967e-4,5.13478732673786e-4,5.45210255800403e-5,4.290047700448994e-5,6.750726348892139e-5
"8500/test_push/lazy",6.236291617688847e-5,6.0867936318490066e-5,6.429609746274661e-5,8.70054224530348e-6,7.077869074971971e-6,1.0219903897963593e-5
"8500/test_push/realtime",2.3707897281031537e-4,2.3197285504453303e-4,2.438045588771271e-4,2.9933212616422057e-5,2.409396342314929e-5,3.560007303476154e-5
"8500/test_repeated_push_pop/list",0.4232322492014118,0.4194288792024798,0.4312059630762286,2.6948106421618993e-2,1.4913094465470225e-2,4.2897085174723196e-2
"8500/test_repeated_push_pop/strict",0.17810369151937427,0.1773835482011981,0.1799370540987199,5.465658868059455e-3,2.5040941631522757e-3,1.1026690972539393e-2
"8500/test_repeated_push_pop/lazy",1.178945589841033e-4,1.1471155849150355e-4,1.2204236749090703e-4,1.8521034975051454e-5,1.507560810218967e-5,2.2381132058930778e-5
"8500/test_repeated_push_pop/realtime",2.1960618750167625e-4,2.149349256409022e-4,2.2608379104723203e-4,2.8128412479167236e-5,2.194345041949693e-5,3.4413061824233007e-5
"9000/test_pop_push/list",0.5174247421632951,0.5167979587923235,0.5183889259706679,3.919791015069968e-3,2.7848200181176783e-3,5.422532453486054e-3
"9000/test_pop_push/strict",7.865034810896876e-4,7.704541641384809e-4,8.080021952642307e-4,9.38278802275387e-5,7.510502432590092e-5,1.1241897783318502e-4
"9000/test_pop_push/lazy",1.989142811092645e-4,1.946048280391008e-4,2.0483544377415474e-4,2.5785103239181646e-5,1.9868734382696443e-5,3.141424074124188e-5
"9000/test_pop_push/realtime",6.157330757604053e-4,6.035742958895095e-4,6.340877868388675e-4,7.54061240656247e-5,5.509598260181874e-5,9.67204905511027e-5
"9000/test_pop/list",1.1664527761402415e-4,1.1525291311207104e-4,1.1900800573292062e-4,9.108598049481866e-6,6.001856642623099e-6,1.302859178759281e-5
"9000/test_pop/strict",6.168551677396247e-4,6.033971012231723e-4,6.340736250675732e-4,7.827818190323812e-5,6.412299002329893e-5,9.229191966901965e-5
"9000/test_pop/lazy",1.3559199903932575e-4,1.330444965216256e-4,1.3921092816055519e-4,1.5423386812956534e-5,1.1653003384643143e-5,1.92154039392438e-5
"9000/test_pop/realtime",2.9913253654097237e-4,2.93070028911578e-4,3.0769949888906264e-4,3.6605372573908986e-5,2.7808756620574952e-5,4.58307020600757e-5
"9000/test_push/list",1.4232225765596573,1.4193954100023456,1.437646459520931,3.3377668507705446e-2,7.065504798212831e-3,7.65123901329214e-2
"9000/test_push/strict",5.664020595807366e-4,5.549569311813442e-4,5.814164177695316e-4,6.684392452060422e-5,5.439437340182165e-5,7.877036700602117e-5
"9000/test_push/lazy",6.14965626650782e-5,6.01953455859156e-5,6.328696698484138e-5,7.730397644689976e-6,6.057582937710062e-6,9.488766639000578e-6
"9000/test_push/realtime",1.8066543447437566e-4,1.7854589330616288e-4,1.8375057088795005e-4,1.2952407448246938e-5,9.656309227537057e-6,1.642027738070889e-5
"9000/test_repeated_push_pop/list",0.45567259925710624,0.45502650636541286,0.4567540635477252,4.171398444441405e-3,2.8052334195136507e-3,5.911228756353539e-3
"9000/test_repeated_push_pop/strict",0.19239890235769216,0.19155572074758465,0.19496188539373338,6.813373261056158e-3,2.710451012216794e-3,1.487480397135017e-2
"9000/test_repeated_push_pop/lazy",1.1447315160314837e-4,1.1176219611957551e-4,1.1827844836479737e-4,1.627620228750059e-5,1.2396574033961915e-5,2.006184966269204e-5
"9000/test_repeated_push_pop/realtime",2.1737998959820695e-4,2.1347628272971728e-4,2.2304028040978305e-4,2.3823857538349086e-5,1.7831833933058475e-5,3.034679616195873e-5
"9500/test_pop_push/list",0.5656369151483719,0.5650273026834672,0.5666036285768694,3.878043578136421e-3,2.7668104589984545e-3,5.595569997988035e-3
"9500/test_pop_push/strict",8.309557943064913e-4,8.146393437473154e-4,8.529577943816115e-4,9.700651428412124e-5,7.632251945450323e-5,1.1832941829663072e-4
"9500/test_pop_push/lazy",1.9797785988171036e-4,1.9387771055365196e-4,2.0372197756072838e-4,2.454865343841939e-5,1.8687950048162132e-5,3.038167262286139e-5
"9500/test_pop_push/realtime",4.080809961504012e-4,4.0392297613086985e-4,4.145302187150983e-4,2.610814089207035e-5,1.9187325025890057e-5,3.870839785442279e-5
"9500/test_pop/list",1.1749404775562576e-4,1.1559146749439524e-4,1.2092727529468824e-4,1.2702677660254247e-5,8.500109811143383e-6,2.0414458336428626e-5
"9500/test_pop/strict",6.83100923167751e-4,6.696608914134078e-4,7.014909010746304e-4,8.023720988097428e-5,6.326424030989233e-5,9.870038717980647e-5
"9500/test_pop/lazy",1.3757891812346556e-4,1.3458123023872616e-4,1.414993426756563e-4,1.7474487145342385e-5,1.4044785904493093e-5,2.0579901941018966e-5
"9500/test_pop/realtime",3.051391826677194e-4,2.9849489035648445e-4,3.144145323714213e-4,3.997640296131823e-5,3.112121762665662e-5,4.888293551920612e-5
"9500/test_push/list",1.526658965529079,1.522346879423732,1.5448785628687092,3.9308301590260414e-2,6.938407342663364e-3,9.240957387821838e-2
"9500/test_push/strict",5.08118046413065e-4,4.978511204354411e-4,5.211871163168951e-4,5.9292155565894165e-5,4.8600922420187015e-5,6.939025949737138e-5
"9500/test_push/lazy",6.143237071022917e-5,6.022452809479157e-5,6.319010287608727e-5,7.400367651492942e-6,5.608515904637523e-6,9.282725734727714e-6
"9500/test_push/realtime",1.8452781545582106e-4,1.830520044511824e-4,1.8716234075489324e-4,9.844517886933508e-6,6.24312760883009e-6,1.4192142310376332e-5
"9500/test_repeated_push_pop/list",0.492887903631801,0.4922546781908221,0.49393990415441436,4.0980184161890434e-3,2.798963863215986e-3,6.0306374889376995e-3
"9500/test_repeated_push_pop/strict",0.20910065072881642,0.2082192124735064,0.21154883521902026,6.940977255843874e-3,3.098440449684686e-3,1.4666414678117004e-2
"9500/test_repeated_push_pop/lazy",1.15742287759503e-4,1.1273912192407703e-4,1.1981588489550093e-4,1.7764128124320494e-5,1.4203488918730963e-5,2.1170926458737007e-5
"9500/test_repeated_push_pop/realtime",1.9959348546924876e-4,1.981152902788191e-4,2.021493326372175e-4,9.7169089589805e-6,6.369592068879112e-6,1.3610333091903967e-5
"10000/test_pop_push/list",0.6194869388948627,0.6158158745180314,0.6286861719499769,2.7546976395949163e-2,8.262475741361689e-3,4.8834737736681504e-2
"10000/test_pop_push/strict",9.327886062771524e-4,9.155669511127066e-4,9.558636078575275e-4,1.0156111300570906e-4,8.133306414916043e-5,1.22896323612155e-4
"10000/test_pop_push/lazy",2.0007434630953176e-4,1.9561080991078035e-4,2.0612488002806474e-4,2.6416886881144637e-5,2.0881861773886432e-5,3.1673812061345454e-5
"10000/test_pop_push/realtime",3.7513870107593815e-4,3.7073987829151436e-4,3.823890100664169e-4,2.8360027682291497e-5,1.9482287673277127e-5,4.167264398566973e-5
"10000/test_pop/list",1.1645692693653393e-4,1.1517900335254955e-4,1.1961358892383863e-4,9.600734118098205e-6,4.767092017721736e-6,1.895847589698681e-5
"10000/test_pop/strict",7.754891478192449e-4,7.59888824142182e-4,7.965920232903602e-4,9.248335066211717e-5,7.307861965062163e-5,1.1198708082185147e-4
"10000/test_pop/lazy",1.368863281359233e-4,1.3427575184917878e-4,1.4044264931217364e-4,1.545623496184715e-5,1.202607941485262e-5,1.8815334791027602e-5
"10000/test_pop/realtime",2.439441095537214e-4,2.3998397695484445e-4,2.4958747732105536e-4,2.39173671196434e-5,1.8449262007499395e-5,3.1987997360100924e-5
"10000/test_push/list",1.621315599859829,1.6202072729479016,1.622791372717494,6.52668438944687e-3,5.195080994791165e-3,8.183092546064563e-3
"10000/test_push/strict",6.030422818601428e-4,5.921757306879773e-4,6.178447831753049e-4,6.453507025089683e-5,5.1169786642207026e-5,7.827120445323677e-5
"10000/test_push/lazy",6.201972505284493e-5,6.07664499169886e-5,6.375237573376651e-5,7.4944533699701955e-6,5.8360003696819925e-6,9.230841501151374e-6
"10000/test_push/realtime",1.552047144121199e-4,1.536645303911237e-4,1.5813487874927808e-4,1.0548056482113204e-5,6.262459052266922e-6,1.658756986985679e-5
"10000/test_repeated_push_pop/list",0.5398229088197891,0.535533243597621,0.5500071873079485,3.240060507267068e-2,1.4515063425781996e-2,5.578236042559031e-2
"10000/test_repeated_push_pop/strict",0.22548701900350515,0.22466235059606493,0.22721356767522766,5.859615707927542e-3,3.196272923574592e-3,1.0311261072221663e-2
"10000/test_repeated_push_pop/lazy",1.1929000493372974e-4,1.1585596767119104e-4,1.236105094641505e-4,1.9795403873823036e-5,1.6755943764433822e-5,2.2548976538683296e-5
"10000/test_repeated_push_pop/realtime",2.0205396520557684e-4,1.9993442403736398e-4,2.0530122625294018e-4,1.3202000174337714e-5,9.691522177180518e-6,1.770634884802303e-5
